market_data_as_of,generated_kst,meeting_date,target_range_pct,probability,freshness_at_observation,source,snapshot_path
2026-10-08,2026-10-10T12:28:27+09:00,2026-10-28,3.75-4.00,0.822857,LAGGING,CME Fed Funds futures settlement-derived FedWatch conditional meeting probability matrix,fedwatch-history/2026-10-08/64dbaa486cd21f2bb542e4292e4b00f609bf92efa6d47123bd7a2c5070d0d01b.json
2026-10-08,2026-10-10T12:28:27+09:00,2026-10-28,4.00-4.25,0.177143,LAGGING,CME Fed Funds futures settlement-derived FedWatch conditional meeting probability matrix,fedwatch-history/2026-10-08/64dbaa486cd21f2bb542e4292e4b00f609bf92efa6d47123bd7a2c5070d0d01b.json
2026-10-08,2026-10-10T12:28:27+09:00,2026-12-09,3.75-4.00,0.22030926,LAGGING,CME Fed Funds futures settlement-derived FedWatch conditional meeting probability matrix,fedwatch-history/2026-10-08/64dbaa486cd21f2bb542e4292e4b00f609bf92efa6d47123bd7a2c5070d0d01b.json
2026-10-08,2026-10-10T12:28:27+09:00,2026-12-09,4.00-4.25,0.64997548,LAGGING,CME Fed Funds futures settlement-derived FedWatch conditional meeting probability matrix,fedwatch-history/2026-10-08/64dbaa486cd21f2bb542e4292e4b00f609bf92efa6d47123bd7a2c5070d0d01b.json
2026-10-08,2026-10-10T12:28:27+09:00,2026-12-09,4.25-4.50,0.12971526,LAGGING,CME Fed Funds futures settlement-derived FedWatch conditional meeting probability matrix,fedwatch-history/2026-10-08/64dbaa486cd21f2bb542e4292e4b00f609bf92efa6d47123bd7a2c5070d0d01b.json
2026-10-08,2026-10-10T12:28:27+09:00,2027-01-27,3.75-4.00,0.1393661,LAGGING,CME Fed Funds futures settlement-derived FedWatch conditional meeting probability matrix,fedwatch-history/2026-10-08/64dbaa486cd21f2bb542e4292e4b00f609bf92efa6d47123bd7a2c5070d0d01b.json
2026-10-08,2026-10-10T12:28:27+09:00,2027-01-27,4.00-4.25,0.4921131,LAGGING,CME Fed Funds futures settlement-derived FedWatch conditional meeting probability matrix,fedwatch-history/2026-10-08/64dbaa486cd21f2bb542e4292e4b00f609bf92efa6d47123bd7a2c5070d0d01b.json
2026-10-08,2026-10-10T12:28:27+09:00,2027-01-27,4.25-4.50,0.32086251,LAGGING,CME Fed Funds futures settlement-derived FedWatch conditional meeting probability matrix,fedwatch-history/2026-10-08/64dbaa486cd21f2bb542e4292e4b00f609bf92efa6d47123bd7a2c5070d0d01b.json
2026-10-08,2026-10-10T12:28:27+09:00,2027-01-27,4.50-4.75,0.0476583,LAGGING,CME Fed Funds futures settlement-derived FedWatch conditional meeting probability matrix,fedwatch-history/2026-10-08/64dbaa486cd21f2bb542e4292e4b00f609bf92efa6d47123bd7a2c5070d0d01b.json
2026-10-08,2026-10-10T12:28:27+09:00,2027-03-17,3.75-4.00,0.04351971,LAGGING,CME Fed Funds futures settlement-derived FedWatch conditional meeting probability matrix,fedwatch-history/2026-10-08/64dbaa486cd21f2bb542e4292e4b00f609bf92efa6d47123bd7a2c5070d0d01b.json
2026-10-08,2026-10-10T12:28:27+09:00,2027-03-17,4.00-4.25,0.24951805,LAGGING,CME Fed Funds futures settlement-derived FedWatch conditional meeting probability matrix,fedwatch-history/2026-10-08/64dbaa486cd21f2bb542e4292e4b00f609bf92efa6d47123bd7a2c5070d0d01b.json
2026-10-08,2026-10-10T12:28:27+09:00,2027-03-17,4.25-4.50,0.43863685,LAGGING,CME Fed Funds futures settlement-derived FedWatch conditional meeting probability matrix,fedwatch-history/2026-10-08/64dbaa486cd21f2bb542e4292e4b00f609bf92efa6d47123bd7a2c5070d0d01b.json
2026-10-08,2026-10-10T12:28:27+09:00,2027-03-17,4.50-4.75,0.2355493,LAGGING,CME Fed Funds futures settlement-derived FedWatch conditional meeting probability matrix,fedwatch-history/2026-10-08/64dbaa486cd21f2bb542e4292e4b00f609bf92efa6d47123bd7a2c5070d0d01b.json
2026-10-08,2026-10-10T12:28:27+09:00,2027-03-17,4.75-5.00,0.03277609,LAGGING,CME Fed Funds futures settlement-derived FedWatch conditional meeting probability matrix,fedwatch-history/2026-10-08/64dbaa486cd21f2bb542e4292e4b00f609bf92efa6d47123bd7a2c5070d0d01b.json
2026-10-08,2026-10-10T12:28:27+09:00,2027-04-28,3.75-4.00,0.02859867,LAGGING,CME Fed Funds futures settlement-derived FedWatch conditional meeting probability matrix,fedwatch-history/2026-10-08/64dbaa486cd21f2bb542e4292e4b00f609bf92efa6d47123bd7a2c5070d0d01b.json
2026-10-08,2026-10-10T12:28:27+09:00,2027-04-28,4.00-4.25,0.17889008,LAGGING,CME Fed Funds futures settlement-derived FedWatch conditional meeting probability matrix,fedwatch-history/2026-10-08/64dbaa486cd21f2bb542e4292e4b00f609bf92efa6d47123bd7a2c5070d0d01b.json
2026-10-08,2026-10-10T12:28:27+09:00,2027-04-28,4.25-4.50,0.37379614,LAGGING,CME Fed Funds futures settlement-derived FedWatch conditional meeting probability matrix,fedwatch-history/2026-10-08/64dbaa486cd21f2bb542e4292e4b00f609bf92efa6d47123bd7a2c5070d0d01b.json
2026-10-08,2026-10-10T12:28:27+09:00,2027-04-28,4.50-4.75,0.30517929,LAGGING,CME Fed Funds futures settlement-derived FedWatch conditional meeting probability matrix,fedwatch-history/2026-10-08/64dbaa486cd21f2bb542e4292e4b00f609bf92efa6d47123bd7a2c5070d0d01b.json
2026-10-08,2026-10-10T12:28:27+09:00,2027-04-28,4.75-5.00,0.1022983,LAGGING,CME Fed Funds futures settlement-derived FedWatch conditional meeting probability matrix,fedwatch-history/2026-10-08/64dbaa486cd21f2bb542e4292e4b00f609bf92efa6d47123bd7a2c5070d0d01b.json
2026-10-08,2026-10-10T12:28:27+09:00,2027-04-28,5.00-5.25,0.01123751,LAGGING,CME Fed Funds futures settlement-derived FedWatch conditional meeting probability matrix,fedwatch-history/2026-10-08/64dbaa486cd21f2bb542e4292e4b00f609bf92efa6d47123bd7a2c5070d0d01b.json
2026-10-08,2026-10-10T12:28:27+09:00,2027-06-09,3.75-4.00,0.01647827,LAGGING,CME Fed Funds futures settlement-derived FedWatch conditional meeting probability matrix,fedwatch-history/2026-10-08/64dbaa486cd21f2bb542e4292e4b00f609bf92efa6d47123bd7a2c5070d0d01b.json
2026-10-08,2026-10-10T12:28:27+09:00,2027-06-09,4.00-4.25,0.11519508,LAGGING,CME Fed Funds futures settlement-derived FedWatch conditional meeting probability matrix,fedwatch-history/2026-10-08/64dbaa486cd21f2bb542e4292e4b00f609bf92efa6d47123bd7a2c5070d0d01b.json
2026-10-08,2026-10-10T12:28:27+09:00,2027-06-09,4.25-4.50,0.291193,LAGGING,CME Fed Funds futures settlement-derived FedWatch conditional meeting probability matrix,fedwatch-history/2026-10-08/64dbaa486cd21f2bb542e4292e4b00f609bf92efa6d47123bd7a2c5070d0d01b.json
2026-10-08,2026-10-10T12:28:27+09:00,2027-06-09,4.50-4.75,0.3342598,LAGGING,CME Fed Funds futures settlement-derived FedWatch conditional meeting probability matrix,fedwatch-history/2026-10-08/64dbaa486cd21f2bb542e4292e4b00f609bf92efa6d47123bd7a2c5070d0d01b.json
2026-10-08,2026-10-10T12:28:27+09:00,2027-06-09,4.75-5.00,0.18828129,LAGGING,CME Fed Funds futures settlement-derived FedWatch conditional meeting probability matrix,fedwatch-history/2026-10-08/64dbaa486cd21f2bb542e4292e4b00f609bf92efa6d47123bd7a2c5070d0d01b.json
2026-10-08,2026-10-10T12:28:27+09:00,2027-06-09,5.00-5.25,0.04982999,LAGGING,CME Fed Funds futures settlement-derived FedWatch conditional meeting probability matrix,fedwatch-history/2026-10-08/64dbaa486cd21f2bb542e4292e4b00f609bf92efa6d47123bd7a2c5070d0d01b.json
2026-10-08,2026-10-10T12:28:27+09:00,2027-06-09,5.25-5.50,0.00476257,LAGGING,CME Fed Funds futures settlement-derived FedWatch conditional meeting probability matrix,fedwatch-history/2026-10-08/64dbaa486cd21f2bb542e4292e4b00f609bf92efa6d47123bd7a2c5070d0d01b.json
2026-10-08,2026-10-10T12:28:27+09:00,2027-07-28,3.75-4.00,0.01428902,LAGGING,CME Fed Funds futures settlement-derived FedWatch conditional meeting probability matrix,fedwatch-history/2026-10-08/64dbaa486cd21f2bb542e4292e4b00f609bf92efa6d47123bd7a2c5070d0d01b.json
2026-10-08,2026-10-10T12:28:27+09:00,2027-07-28,4.00-4.25,0.10207986,LAGGING,CME Fed Funds futures settlement-derived FedWatch conditional meeting probability matrix,fedwatch-history/2026-10-08/64dbaa486cd21f2bb542e4292e4b00f609bf92efa6d47123bd7a2c5070d0d01b.json
2026-10-08,2026-10-10T12:28:27+09:00,2027-07-28,4.25-4.50,0.26781045,LAGGING,CME Fed Funds futures settlement-derived FedWatch conditional meeting probability matrix,fedwatch-history/2026-10-08/64dbaa486cd21f2bb542e4292e4b00f609bf92efa6d47123bd7a2c5070d0d01b.json
2026-10-08,2026-10-10T12:28:27+09:00,2027-07-28,4.50-4.75,0.32853807,LAGGING,CME Fed Funds futures settlement-derived FedWatch conditional meeting probability matrix,fedwatch-history/2026-10-08/64dbaa486cd21f2bb542e4292e4b00f609bf92efa6d47123bd7a2c5070d0d01b.json
2026-10-08,2026-10-10T12:28:27+09:00,2027-07-28,4.75-5.00,0.20767556,LAGGING,CME Fed Funds futures settlement-derived FedWatch conditional meeting probability matrix,fedwatch-history/2026-10-08/64dbaa486cd21f2bb542e4292e4b00f609bf92efa6d47123bd7a2c5070d0d01b.json
2026-10-08,2026-10-10T12:28:27+09:00,2027-07-28,5.00-5.25,0.06822421,LAGGING,CME Fed Funds futures settlement-derived FedWatch conditional meeting probability matrix,fedwatch-history/2026-10-08/64dbaa486cd21f2bb542e4292e4b00f609bf92efa6d47123bd7a2c5070d0d01b.json
2026-10-08,2026-10-10T12:28:27+09:00,2027-07-28,5.25-5.50,0.01075009,LAGGING,CME Fed Funds futures settlement-derived FedWatch conditional meeting probability matrix,fedwatch-history/2026-10-08/64dbaa486cd21f2bb542e4292e4b00f609bf92efa6d47123bd7a2c5070d0d01b.json
2026-10-08,2026-10-10T12:28:27+09:00,2027-07-28,5.50-5.75,0.00063274,LAGGING,CME Fed Funds futures settlement-derived FedWatch conditional meeting probability matrix,fedwatch-history/2026-10-08/64dbaa486cd21f2bb542e4292e4b00f609bf92efa6d47123bd7a2c5070d0d01b.json
2026-10-08,2026-10-10T12:28:27+09:00,2027-09-15,3.75-4.00,0.01217213,LAGGING,CME Fed Funds futures settlement-derived FedWatch conditional meeting probability matrix,fedwatch-history/2026-10-08/64dbaa486cd21f2bb542e4292e4b00f609bf92efa6d47123bd7a2c5070d0d01b.json
2026-10-08,2026-10-10T12:28:27+09:00,2027-09-15,4.00-4.25,0.08907382,LAGGING,CME Fed Funds futures settlement-derived FedWatch conditional meeting probability matrix,fedwatch-history/2026-10-08/64dbaa486cd21f2bb542e4292e4b00f609bf92efa6d47123bd7a2c5070d0d01b.json
2026-10-08,2026-10-10T12:28:27+09:00,2027-09-15,4.25-4.50,0.24325779,LAGGING,CME Fed Funds futures settlement-derived FedWatch conditional meeting probability matrix,fedwatch-history/2026-10-08/64dbaa486cd21f2bb542e4292e4b00f609bf92efa6d47123bd7a2c5070d0d01b.json
2026-10-08,2026-10-10T12:28:27+09:00,2027-09-15,4.50-4.75,0.3195414,LAGGING,CME Fed Funds futures settlement-derived FedWatch conditional meeting probability matrix,fedwatch-history/2026-10-08/64dbaa486cd21f2bb542e4292e4b00f609bf92efa6d47123bd7a2c5070d0d01b.json
2026-10-08,2026-10-10T12:28:27+09:00,2027-09-15,4.75-5.00,0.2255811,LAGGING,CME Fed Funds futures settlement-derived FedWatch conditional meeting probability matrix,fedwatch-history/2026-10-08/64dbaa486cd21f2bb542e4292e4b00f609bf92efa6d47123bd7a2c5070d0d01b.json
2026-10-08,2026-10-10T12:28:27+09:00,2027-09-15,5.00-5.25,0.08888365,LAGGING,CME Fed Funds futures settlement-derived FedWatch conditional meeting probability matrix,fedwatch-history/2026-10-08/64dbaa486cd21f2bb542e4292e4b00f609bf92efa6d47123bd7a2c5070d0d01b.json
2026-10-08,2026-10-10T12:28:27+09:00,2027-09-15,5.25-5.50,0.01926477,LAGGING,CME Fed Funds futures settlement-derived FedWatch conditional meeting probability matrix,fedwatch-history/2026-10-08/64dbaa486cd21f2bb542e4292e4b00f609bf92efa6d47123bd7a2c5070d0d01b.json
2026-10-08,2026-10-10T12:28:27+09:00,2027-09-15,5.50-5.75,0.00213161,LAGGING,CME Fed Funds futures settlement-derived FedWatch conditional meeting probability matrix,fedwatch-history/2026-10-08/64dbaa486cd21f2bb542e4292e4b00f609bf92efa6d47123bd7a2c5070d0d01b.json
2026-10-08,2026-10-10T12:28:27+09:00,2027-09-15,5.75-6.00,9.374e-05,LAGGING,CME Fed Funds futures settlement-derived FedWatch conditional meeting probability matrix,fedwatch-history/2026-10-08/64dbaa486cd21f2bb542e4292e4b00f609bf92efa6d47123bd7a2c5070d0d01b.json
2026-10-08,2026-10-10T12:28:27+09:00,2027-10-27,3.75-4.00,0.01161311,LAGGING,CME Fed Funds futures settlement-derived FedWatch conditional meeting probability matrix,fedwatch-history/2026-10-08/64dbaa486cd21f2bb542e4292e4b00f609bf92efa6d47123bd7a2c5070d0d01b.json
2026-10-08,2026-10-10T12:28:27+09:00,2027-10-27,4.00-4.25,0.08554203,LAGGING,CME Fed Funds futures settlement-derived FedWatch conditional meeting probability matrix,fedwatch-history/2026-10-08/64dbaa486cd21f2bb542e4292e4b00f609bf92efa6d47123bd7a2c5070d0d01b.json
2026-10-08,2026-10-10T12:28:27+09:00,2027-10-27,4.25-4.50,0.23617674,LAGGING,CME Fed Funds futures settlement-derived FedWatch conditional meeting probability matrix,fedwatch-history/2026-10-08/64dbaa486cd21f2bb542e4292e4b00f609bf92efa6d47123bd7a2c5070d0d01b.json
2026-10-08,2026-10-10T12:28:27+09:00,2027-10-27,4.50-4.75,0.316038,LAGGING,CME Fed Funds futures settlement-derived FedWatch conditional meeting probability matrix,fedwatch-history/2026-10-08/64dbaa486cd21f2bb542e4292e4b00f609bf92efa6d47123bd7a2c5070d0d01b.json
2026-10-08,2026-10-10T12:28:27+09:00,2027-10-27,4.75-5.00,0.22989632,LAGGING,CME Fed Funds futures settlement-derived FedWatch conditional meeting probability matrix,fedwatch-history/2026-10-08/64dbaa486cd21f2bb542e4292e4b00f609bf92efa6d47123bd7a2c5070d0d01b.json
2026-10-08,2026-10-10T12:28:27+09:00,2027-10-27,5.00-5.25,0.09516162,LAGGING,CME Fed Funds futures settlement-derived FedWatch conditional meeting probability matrix,fedwatch-history/2026-10-08/64dbaa486cd21f2bb542e4292e4b00f609bf92efa6d47123bd7a2c5070d0d01b.json
2026-10-08,2026-10-10T12:28:27+09:00,2027-10-27,5.25-5.50,0.02246208,LAGGING,CME Fed Funds futures settlement-derived FedWatch conditional meeting probability matrix,fedwatch-history/2026-10-08/64dbaa486cd21f2bb542e4292e4b00f609bf92efa6d47123bd7a2c5070d0d01b.json
2026-10-08,2026-10-10T12:28:27+09:00,2027-10-27,5.50-5.75,0.00291846,LAGGING,CME Fed Funds futures settlement-derived FedWatch conditional meeting probability matrix,fedwatch-history/2026-10-08/64dbaa486cd21f2bb542e4292e4b00f609bf92efa6d47123bd7a2c5070d0d01b.json
2026-10-08,2026-10-10T12:28:27+09:00,2027-10-27,5.75-6.00,0.00018733,LAGGING,CME Fed Funds futures settlement-derived FedWatch conditional meeting probability matrix,fedwatch-history/2026-10-08/64dbaa486cd21f2bb542e4292e4b00f609bf92efa6d47123bd7a2c5070d0d01b.json
2026-10-08,2026-10-10T12:28:27+09:00,2027-10-27,6.00-6.25,4.31e-06,LAGGING,CME Fed Funds futures settlement-derived FedWatch conditional meeting probability matrix,fedwatch-history/2026-10-08/64dbaa486cd21f2bb542e4292e4b00f609bf92efa6d47123bd7a2c5070d0d01b.json
2026-10-08,2026-10-10T12:28:27+09:00,2027-12-08,3.75-4.00,0.01071309,LAGGING,CME Fed Funds futures settlement-derived FedWatch conditional meeting probability matrix,fedwatch-history/2026-10-08/64dbaa486cd21f2bb542e4292e4b00f609bf92efa6d47123bd7a2c5070d0d01b.json
2026-10-08,2026-10-10T12:28:27+09:00,2027-12-08,4.00-4.25,0.07981254,LAGGING,CME Fed Funds futures settlement-derived FedWatch conditional meeting probability matrix,fedwatch-history/2026-10-08/64dbaa486cd21f2bb542e4292e4b00f609bf92efa6d47123bd7a2c5070d0d01b.json
2026-10-08,2026-10-10T12:28:27+09:00,2027-12-08,4.25-4.50,0.22450255,LAGGING,CME Fed Funds futures settlement-derived FedWatch conditional meeting probability matrix,fedwatch-history/2026-10-08/64dbaa486cd21f2bb542e4292e4b00f609bf92efa6d47123bd7a2c5070d0d01b.json
2026-10-08,2026-10-10T12:28:27+09:00,2027-12-08,4.50-4.75,0.30984875,LAGGING,CME Fed Funds futures settlement-derived FedWatch conditional meeting probability matrix,fedwatch-history/2026-10-08/64dbaa486cd21f2bb542e4292e4b00f609bf92efa6d47123bd7a2c5070d0d01b.json
2026-10-08,2026-10-10T12:28:27+09:00,2027-12-08,4.75-5.00,0.2365723,LAGGING,CME Fed Funds futures settlement-derived FedWatch conditional meeting probability matrix,fedwatch-history/2026-10-08/64dbaa486cd21f2bb542e4292e4b00f609bf92efa6d47123bd7a2c5070d0d01b.json
2026-10-08,2026-10-10T12:28:27+09:00,2027-12-08,5.00-5.25,0.10560356,LAGGING,CME Fed Funds futures settlement-derived FedWatch conditional meeting probability matrix,fedwatch-history/2026-10-08/64dbaa486cd21f2bb542e4292e4b00f609bf92efa6d47123bd7a2c5070d0d01b.json
2026-10-08,2026-10-10T12:28:27+09:00,2027-12-08,5.25-5.50,0.0280963,LAGGING,CME Fed Funds futures settlement-derived FedWatch conditional meeting probability matrix,fedwatch-history/2026-10-08/64dbaa486cd21f2bb542e4292e4b00f609bf92efa6d47123bd7a2c5070d0d01b.json
2026-10-08,2026-10-10T12:28:27+09:00,2027-12-08,5.50-5.75,0.00443309,LAGGING,CME Fed Funds futures settlement-derived FedWatch conditional meeting probability matrix,fedwatch-history/2026-10-08/64dbaa486cd21f2bb542e4292e4b00f609bf92efa6d47123bd7a2c5070d0d01b.json
2026-10-08,2026-10-10T12:28:27+09:00,2027-12-08,5.75-6.00,0.00039899,LAGGING,CME Fed Funds futures settlement-derived FedWatch conditional meeting probability matrix,fedwatch-history/2026-10-08/64dbaa486cd21f2bb542e4292e4b00f609bf92efa6d47123bd7a2c5070d0d01b.json
2026-10-08,2026-10-10T12:28:27+09:00,2027-12-08,6.00-6.25,1.849e-05,LAGGING,CME Fed Funds futures settlement-derived FedWatch conditional meeting probability matrix,fedwatch-history/2026-10-08/64dbaa486cd21f2bb542e4292e4b00f609bf92efa6d47123bd7a2c5070d0d01b.json
2026-10-08,2026-10-10T12:28:27+09:00,2027-12-08,6.25-6.50,3.3e-07,LAGGING,CME Fed Funds futures settlement-derived FedWatch conditional meeting probability matrix,fedwatch-history/2026-10-08/64dbaa486cd21f2bb542e4292e4b00f609bf92efa6d47123bd7a2c5070d0d01b.json
